RAG_Type,Model_Type,Precision,Recall,F1,BLEU,METEOR,ROUGE-1,ROUGE-2,ROUGE-L
SimpleRAG,deepseek-r1:latest,0.8089,0.8568,0.8322,0.1418,0.4256,0.1957,0.1022,0.1594
SimpleRAG,deepseek-r1:latest,0.7948,0.9163,0.8512,0.0836,0.3652,0.1509,0.101,0.1083
SimpleRAG,deepseek-r1:latest,0.7555,0.8227,0.7877,0.0689,0.2228,0.1124,0.0179,0.0888
SimpleRAG,deepseek-r1:latest,0.7743,0.8386,0.8052,0.0726,0.2959,0.1322,0.072,0.1157
SimpleRAG,deepseek-r1:latest,0.7961,0.8714,0.8321,0.098,0.3665,0.1606,0.0782,0.1119
AdaptiveRetrieval,deepseek-r1:latest,0.8161,0.8538,0.8345,0.1644,0.4256,0.2183,0.1057,0.1834
AdaptiveRetrieval,deepseek-r1:latest,0.8251,0.9116,0.8662,0.1546,0.4929,0.2541,0.1836,0.1824
AdaptiveRetrieval,deepseek-r1:latest,0.7885,0.8296,0.8085,0.1129,0.2814,0.1532,0.0325,0.1129
AdaptiveRetrieval,deepseek-r1:latest,0.7817,0.8427,0.8111,0.0818,0.2983,0.1442,0.082,0.1254
AdaptiveRetrieval,deepseek-r1:latest,0.8035,0.8755,0.838,0.1238,0.3685,0.1944,0.0568,0.1379
SemanticRAG,deepseek-r1:latest,0.8021,0.8454,0.8232,0.1288,0.392,0.2,0.1181,0.1517
SemanticRAG,deepseek-r1:latest,0.8051,0.8966,0.8484,0.1163,0.3957,0.2022,0.1186,0.1348
SemanticRAG,deepseek-r1:latest,0.7687,0.8219,0.7944,0.0887,0.263,0.1379,0.0442,0.0878
SemanticRAG,deepseek-r1:latest,0.7789,0.8716,0.8226,0.0717,0.3247,0.1385,0.0818,0.1059
SemanticRAG,deepseek-r1:latest,0.787,0.8741,0.8283,0.0894,0.2856,0.1473,0.0525,0.1188
SelfRAG,deepseek-r1:latest,0.7748,0.8376,0.805,0.119,0.3738,0.1927,0.087,0.1395
SelfRAG,deepseek-r1:latest,0.8163,0.8733,0.8438,0.1373,0.4145,0.2349,0.1149,0.1678
SelfRAG,deepseek-r1:latest,0.7591,0.8302,0.7931,0.0751,0.2238,0.118,0.0178,0.0708
SelfRAG,deepseek-r1:latest,0.7862,0.8584,0.8207,0.0889,0.3577,0.1624,0.0918,0.1168
SelfRAG,deepseek-r1:latest,0.7906,0.8687,0.8279,0.1079,0.3495,0.1792,0.0698,0.1214
QueryTransformRetrieval,deepseek-r1:latest,0.7733,0.8528,0.8111,0.0552,0.2042,0.0952,0.0375,0.0714
QueryTransformRetrieval,deepseek-r1:latest,0.7796,0.8556,0.8158,0.0378,0.1647,0.0721,0.033,0.0577
QueryTransformRetrieval,deepseek-r1:latest,0.7718,0.8488,0.8085,0.047,0.2014,0.0862,0.0417,0.0684
QueryTransformRetrieval,deepseek-r1:latest,0.7652,0.835,0.7986,0.0419,0.1793,0.0811,0.0376,0.0655
QueryTransformRetrieval,deepseek-r1:latest,0.7823,0.8721,0.8248,0.066,0.3083,0.1166,0.0688,0.0961
HierarchicalRAG,deepseek-r1:latest,0.8047,0.8563,0.8297,0.1201,0.4032,0.1944,0.0979,0.1597
HierarchicalRAG,deepseek-r1:latest,0.8072,0.894,0.8483,0.1093,0.3521,0.1818,0.1129,0.1283
HierarchicalRAG,deepseek-r1:latest,0.7619,0.8338,0.7963,0.0889,0.2602,0.1549,0.0567,0.1197
HierarchicalRAG,deepseek-r1:latest,0.7756,0.8422,0.8075,0.0813,0.3411,0.1389,0.0838,0.1278
HierarchicalRAG,deepseek-r1:latest,0.7927,0.8693,0.8292,0.1164,0.3531,0.1919,0.1053,0.1279
FusionRetrieval,deepseek-r1:latest,0.7942,0.84,0.8165,0.1223,0.3643,0.1708,0.0717,0.1423
FusionRetrieval,deepseek-r1:latest,0.7966,0.867,0.8303,0.0907,0.2972,0.1568,0.0543,0.0919
FusionRetrieval,deepseek-r1:latest,0.7599,0.8345,0.7955,0.0578,0.2312,0.1055,0.0353,0.0747
FusionRetrieval,deepseek-r1:latest,0.7827,0.861,0.82,0.0868,0.3806,0.1542,0.0986,0.1215
FusionRetrieval,deepseek-r1:latest,0.828,0.883,0.8546,0.1635,0.3644,0.2424,0.0786,0.1905
FeedbackLoopRetrieval,deepseek-r1:latest,0.7833,0.8163,0.7994,0.1163,0.3078,0.1739,0.0637,0.1344
FeedbackLoopRetrieval,deepseek-r1:latest,0.7887,0.8521,0.8192,0.1111,0.3552,0.1818,0.0746,0.1414
FeedbackLoopRetrieval,deepseek-r1:latest,0.8019,0.8315,0.8164,0.1008,0.1333,0.1203,0.0153,0.1053
FeedbackLoopRetrieval,deepseek-r1:latest,0.779,0.8394,0.8081,0.0728,0.2785,0.1303,0.0541,0.1149
FeedbackLoopRetrieval,deepseek-r1:latest,0.755,0.8522,0.8007,0.0933,0.3285,0.1757,0.068,0.1216
ExplainableRetrieval,deepseek-r1:latest,0.7444,0.8208,0.7807,0.0771,0.2578,0.1114,0.0336,0.0947
ExplainableRetrieval,deepseek-r1:latest,0.7947,0.8979,0.8431,0.0678,0.2684,0.1261,0.0786,0.0988
ExplainableRetrieval,deepseek-r1:latest,0.7619,0.8694,0.8121,0.0808,0.2682,0.1608,0.0493,0.1189
ExplainableRetrieval,deepseek-r1:latest,0.7788,0.8771,0.825,0.0987,0.3437,0.198,0.0962,0.1297
ExplainableRetrieval,deepseek-r1:latest,0.7947,0.8946,0.8417,0.1401,0.3842,0.2383,0.103,0.1277
SimpleRAG,qwen2.5:latest,0.8916,0.8693,0.8803,0.2507,0.2558,0.3103,0.0357,0.2414
SimpleRAG,qwen2.5:latest,0.9534,0.8673,0.9083,0.0382,0.2008,0.2903,0.1333,0.2581
SimpleRAG,qwen2.5:latest,0.7669,0.7209,0.7432,0,0,0,0,0
SimpleRAG,qwen2.5:latest,0.9172,0.8966,0.9068,0.3605,0.3881,0.4478,0.2154,0.2985
SimpleRAG,qwen2.5:latest,0.934,0.8814,0.9069,0.1338,0.179,0.3448,0.0714,0.2759
AdaptiveRetrieval,qwen2.5:latest,0.9244,0.8947,0.9093,0.5646,0.5345,0.6087,0.4179,0.5507
AdaptiveRetrieval,qwen2.5:latest,0.9666,0.8741,0.918,0.0334,0.1749,0.3279,0.2034,0.3279
AdaptiveRetrieval,qwen2.5:latest,0.9353,0.881,0.9074,0.1412,0.2149,0.2857,0.1277,0.2857
AdaptiveRetrieval,qwen2.5:latest,0.912,0.8966,0.9042,0.2872,0.2929,0.3889,0.2286,0.2778
AdaptiveRetrieval,qwen2.5:latest,0.9362,0.8827,0.9086,0.1544,0.2157,0.4138,0.1071,0.3103
SemanticRAG,qwen2.5:latest,0.8916,0.8693,0.8803,0.2507,0.2558,0.3103,0.0357,0.2414
SemanticRAG,qwen2.5:latest,0.9534,0.8673,0.9083,0.0382,0.2008,0.2903,0.1333,0.2581
SemanticRAG,qwen2.5:latest,0.9005,0.8597,0.8796,0.0917,0.0845,0.1277,0,0.1277
SemanticRAG,qwen2.5:latest,0.9165,0.8781,0.8969,0.2268,0.1647,0.3448,0.1071,0.1379
SemanticRAG,qwen2.5:latest,0.934,0.8814,0.9069,0.1338,0.179,0.3448,0.0714,0.2759
SelfRAG,qwen2.5:latest,0.8916,0.8965,0.894,0.4133,0.4011,0.4118,0.2424,0.3529
SelfRAG,qwen2.5:latest,0.9681,0.8915,0.9282,0.139,0.2965,0.4179,0.2462,0.3881
SelfRAG,qwen2.5:latest,0.9304,0.8784,0.9036,0.1694,0.2463,0.3333,0.087,0.25
SelfRAG,qwen2.5:latest,0.9628,0.9204,0.9412,0.3749,0.4079,0.5312,0.3226,0.5
SelfRAG,qwen2.5:latest,0.9452,0.8837,0.9134,0.1098,0.26,0.3571,0.1852,0.2857
QueryTransformRetrieval,qwen2.5:latest,0.9215,0.8774,0.8989,0.2738,0.3044,0.381,0.1967,0.381
QueryTransformRetrieval,qwen2.5:latest,0.9574,0.8761,0.915,0.042,0.1745,0.3226,0.1333,0.2903
QueryTransformRetrieval,qwen2.5:latest,0.7609,0.8841,0.8179,0.084,0.259,0.1895,0.0848,0.1614
QueryTransformRetrieval,qwen2.5:latest,0.9502,0.9109,0.9301,0.3157,0.3312,0.4194,0.2333,0.3548
QueryTransformRetrieval,qwen2.5:latest,0.938,0.8877,0.9122,0.2256,0.2956,0.4127,0.1311,0.2857
HierarchicalRAG,qwen2.5:latest,0.8916,0.8693,0.8803,0.2507,0.2558,0.3103,0.0357,0.2414
HierarchicalRAG,qwen2.5:latest,0.9666,0.8741,0.918,0.0334,0.1749,0.3279,0.2034,0.3279
HierarchicalRAG,qwen2.5:latest,0.7669,0.7209,0.7432,0,0,0,0,0
HierarchicalRAG,qwen2.5:latest,0.911,0.8961,0.9035,0.3093,0.3062,0.4167,0.2286,0.2778
HierarchicalRAG,qwen2.5:latest,0.9362,0.8827,0.9086,0.1544,0.2157,0.4138,0.1071,0.3103
FusionRetrieval,qwen2.5:latest,0.9236,0.8852,0.904,0.3561,0.3711,0.4923,0.254,0.4308
FusionRetrieval,qwen2.5:latest,0.9192,0.8674,0.8925,0.0943,0.1548,0.209,0.0923,0.209
FusionRetrieval,qwen2.5:latest,0.7669,0.7209,0.7432,0,0,0,0,0
FusionRetrieval,qwen2.5:latest,0.9299,0.8931,0.9111,0.1839,0.3057,0.4,0.2414,0.3667
FusionRetrieval,qwen2.5:latest,0.9443,0.878,0.9099,0.06,0.1838,0.3019,0.0784,0.2264
FeedbackLoopRetrieval,qwen2.5:latest,0.8897,0.8693,0.8794,0.2493,0.278,0.3607,0.1695,0.3607
FeedbackLoopRetrieval,qwen2.5:latest,0.8985,0.8596,0.8786,0.1298,0.1852,0.2687,0.1538,0.209
FeedbackLoopRetrieval,qwen2.5:latest,0.8885,0.8702,0.8792,0.163,0.1771,0.24,0.0833,0.2
FeedbackLoopRetrieval,qwen2.5:latest,0.9349,0.9031,0.9187,0.3429,0.4491,0.4615,0.254,0.4
FeedbackLoopRetrieval,qwen2.5:latest,0.9449,0.8818,0.9122,0.1098,0.215,0.4138,0.1786,0.3793
ExplainableRetrieval,qwen2.5:latest,0.9184,0.865,0.8909,0.3858,0.3671,0.5075,0.2154,0.4179
ExplainableRetrieval,qwen2.5:latest,0.9689,0.8766,0.9205,0.0458,0.2008,0.3548,0.2333,0.3548
ExplainableRetrieval,qwen2.5:latest,0.7669,0.7209,0.7432,0,0,0,0,0
ExplainableRetrieval,qwen2.5:latest,0.9235,0.8935,0.9083,0.3084,0.3907,0.4,0.1905,0.2769
ExplainableRetrieval,qwen2.5:latest,0.9565,0.907,0.9311,0.268,0.3504,0.5312,0.2903,0.4688
SimpleRAG,llama2:latest,0.8819,0.8986,0.8902,0.4026,0.4444,0.449,0.2292,0.3673
SimpleRAG,llama2:latest,0.9811,0.9737,0.9774,0.7806,0.8149,0.8,0.6237,0.7579
SimpleRAG,llama2:latest,0.8512,0.9008,0.8753,0.2377,0.4596,0.3382,0.1791,0.2941
SimpleRAG,llama2:latest,0.8151,0.8926,0.852,0.112,0.3466,0.2171,0.1016,0.155
SimpleRAG,llama2:latest,0.8904,0.9173,0.9036,0.3193,0.5547,0.4211,0.2267,0.3289
AdaptiveRetrieval,llama2:latest,0.8819,0.8986,0.8902,0.4026,0.4444,0.449,0.2292,0.3673
AdaptiveRetrieval,llama2:latest,0.9429,0.9614,0.9521,0.5256,0.658,0.605,0.4615,0.521
AdaptiveRetrieval,llama2:latest,0.8398,0.9034,0.8705,0.1761,0.4007,0.2717,0.1429,0.2391
AdaptiveRetrieval,llama2:latest,0.8651,0.9072,0.8856,0.1879,0.401,0.3218,0.1395,0.2299
AdaptiveRetrieval,llama2:latest,0.8764,0.9144,0.895,0.2469,0.5107,0.3529,0.1838,0.2674
SemanticRAG,llama2:latest,0.8819,0.8986,0.8902,0.4026,0.4444,0.449,0.2292,0.3673
SemanticRAG,llama2:latest,0.9547,0.9705,0.9625,0.5789,0.7329,0.6667,0.5043,0.6154
SemanticRAG,llama2:latest,0.8121,0.9108,0.8586,0.148,0.347,0.2439,0.1311,0.187
SemanticRAG,llama2:latest,0.8196,0.8949,0.8556,0.1145,0.302,0.2269,0.1102,0.1597
SemanticRAG,llama2:latest,0.8904,0.9173,0.9036,0.3193,0.5547,0.4211,0.2267,0.3289
SelfRAG,llama2:latest,0.8668,0.8897,0.8781,0.2935,0.383,0.3423,0.1835,0.3063
SelfRAG,llama2:latest,0.9073,0.9459,0.9262,0.3878,0.5819,0.4889,0.3158,0.4148
SelfRAG,llama2:latest,0.824,0.8881,0.8549,0.1414,0.3407,0.2222,0.0918,0.1818
SelfRAG,llama2:latest,0.8281,0.904,0.8644,0.1504,0.4335,0.2747,0.1385,0.2318
SelfRAG,llama2:latest,0.9375,0.9231,0.9302,0.5192,0.5086,0.5111,0.3409,0.4667
QueryTransformRetrieval,llama2:latest,0.7875,0.8707,0.827,0.1058,0.3291,0.1765,0.0947,0.1353
QueryTransformRetrieval,llama2:latest,0.8122,0.9187,0.8621,0.1114,0.4234,0.1975,0.129,0.158
QueryTransformRetrieval,llama2:latest,0.7822,0.8898,0.8325,0.0955,0.2606,0.1842,0.1126,0.1711
QueryTransformRetrieval,llama2:latest,0.7875,0.8744,0.8287,0.0841,0.287,0.1607,0.0807,0.1161
QueryTransformRetrieval,llama2:latest,0.8828,0.9105,0.8964,0.2522,0.4609,0.3243,0.1233,0.2162
HierarchicalRAG,llama2:latest,0.8819,0.8986,0.8902,0.4026,0.4444,0.449,0.2292,0.3673
HierarchicalRAG,llama2:latest,0.9547,0.9705,0.9625,0.5789,0.7329,0.6667,0.5043,0.6154
HierarchicalRAG,llama2:latest,0.8398,0.9034,0.8705,0.1761,0.4007,0.2717,0.1429,0.2391
HierarchicalRAG,llama2:latest,0.8185,0.8949,0.855,0.1179,0.3215,0.2333,0.1092,0.1667
HierarchicalRAG,llama2:latest,0.8886,0.9183,0.9032,0.3333,0.5318,0.4444,0.2384,0.3137
FusionRetrieval,llama2:latest,0.8839,0.8953,0.8896,0.3623,0.3978,0.4301,0.2418,0.3871
FusionRetrieval,llama2:latest,0.9056,0.91,0.9078,0.3529,0.4298,0.4127,0.1774,0.3016
FusionRetrieval,llama2:latest,0.8372,0.907,0.8707,0.1934,0.3761,0.2963,0.1497,0.2011
FusionRetrieval,llama2:latest,0.8562,0.8948,0.8751,0.1812,0.4689,0.2976,0.1446,0.25
FusionRetrieval,llama2:latest,0.9138,0.8881,0.9007,0.3329,0.3514,0.375,0.1538,0.3
FeedbackLoopRetrieval,llama2:latest,0.819,0.8444,0.8315,0.1429,0.3252,0.1896,0.067,0.1517
FeedbackLoopRetrieval,llama2:latest,0.7539,0.8518,0.7998,0.0581,0.1867,0.1125,0.0411,0.0818
FeedbackLoopRetrieval,llama2:latest,0.8136,0.8385,0.8258,0.0994,0.187,0.1257,0.0116,0.08
FeedbackLoopRetrieval,llama2:latest,0.7652,0.8654,0.8122,0.0633,0.2143,0.1097,0.026,0.0774
FeedbackLoopRetrieval,llama2:latest,0.7699,0.8618,0.8133,0.0763,0.2482,0.126,0.0475,0.0997
ExplainableRetrieval,llama2:latest,0.8108,0.8818,0.8448,0.1344,0.3208,0.1739,0.0797,0.1502
ExplainableRetrieval,llama2:latest,0.8289,0.8851,0.8561,0.1416,0.2875,0.2358,0.0656,0.1707
ExplainableRetrieval,llama2:latest,0.8143,0.9009,0.8555,0.1538,0.397,0.237,0.1148,0.1991
ExplainableRetrieval,llama2:latest,0.7882,0.8987,0.8398,0.0978,0.3145,0.1841,0.0958,0.146
ExplainableRetrieval,llama2:latest,0.8314,0.9033,0.8659,0.1304,0.3715,0.1993,0.1041,0.1181
SimpleRAG,mistral:7b-instruct,0.9012,0.8961,0.8986,0.541,0.5388,0.5122,0.2,0.3171
SimpleRAG,mistral:7b-instruct,0.968,0.9254,0.9462,0.484,0.5727,0.6154,0.4474,0.4359
SimpleRAG,mistral:7b-instruct,0.8497,0.861,0.8553,0.2083,0.1351,0.2133,0.0274,0.1867
SimpleRAG,mistral:7b-instruct,0.847,0.8987,0.8721,0.1901,0.3734,0.3077,0.1039,0.1667
SimpleRAG,mistral:7b-instruct,0.8956,0.9294,0.9122,0.3585,0.593,0.4526,0.1926,0.2482
AdaptiveRetrieval,mistral:7b-instruct,0.8857,0.8908,0.8883,0.4559,0.4835,0.4318,0.1628,0.2955
AdaptiveRetrieval,mistral:7b-instruct,0.9633,0.8865,0.9233,0.0818,0.2371,0.3692,0.1905,0.3077
AdaptiveRetrieval,mistral:7b-instruct,0.8533,0.8687,0.861,0.25,0.1351,0.2133,0.0274,0.1867
AdaptiveRetrieval,mistral:7b-instruct,0.8464,0.8982,0.8715,0.18,0.368,0.2927,0.0988,0.1585
AdaptiveRetrieval,mistral:7b-instruct,0.9193,0.9393,0.9292,0.4938,0.6738,0.5789,0.2857,0.2982
SemanticRAG,mistral:7b-instruct,0.8854,0.8899,0.8877,0.4308,0.4547,0.4,0.1687,0.3059
SemanticRAG,mistral:7b-instruct,0.968,0.9254,0.9462,0.484,0.5727,0.6154,0.4474,0.4359
SemanticRAG,mistral:7b-instruct,0.8533,0.8687,0.861,0.25,0.1351,0.2133,0.0274,0.1867
SemanticRAG,mistral:7b-instruct,0.8464,0.8982,0.8715,0.18,0.368,0.2927,0.0988,0.1585
SemanticRAG,mistral:7b-instruct,0.9274,0.9189,0.9231,0.5533,0.4885,0.5926,0.3038,0.3457
SelfRAG,mistral:7b-instruct,0.9064,0.8949,0.9006,0.4133,0.3849,0.4348,0.209,0.3478
SelfRAG,mistral:7b-instruct,0.9684,0.9488,0.9585,0.6195,0.6607,0.6818,0.5814,0.6591
SelfRAG,mistral:7b-instruct,0.8474,0.8655,0.8564,0.1831,0.1609,0.25,0,0.1458
SelfRAG,mistral:7b-instruct,0.8285,0.8961,0.861,0.152,0.3327,0.2698,0.1033,0.1581
SelfRAG,mistral:7b-instruct,0.9381,0.9277,0.9329,0.6188,0.5866,0.5952,0.2927,0.4286
QueryTransformRetrieval,mistral:7b-instruct,0.8981,0.887,0.8925,0.3684,0.347,0.4146,0.15,0.2195
QueryTransformRetrieval,mistral:7b-instruct,0.8724,0.9311,0.9008,0.2909,0.6616,0.433,0.25,0.3505
QueryTransformRetrieval,mistral:7b-instruct,0.7833,0.8897,0.8331,0.0883,0.3123,0.1607,0.0724,0.0997
QueryTransformRetrieval,mistral:7b-instruct,0.7962,0.8976,0.8439,0.118,0.4013,0.2298,0.1438,0.1863
QueryTransformRetrieval,mistral:7b-instruct,0.899,0.9156,0.9072,0.369,0.4991,0.4754,0.2167,0.2459
HierarchicalRAG,mistral:7b-instruct,0.8854,0.8899,0.8877,0.4308,0.4547,0.4,0.1687,0.3059
HierarchicalRAG,mistral:7b-instruct,0.968,0.9254,0.9462,0.484,0.5727,0.6154,0.4474,0.4359
HierarchicalRAG,mistral:7b-instruct,0.8533,0.8687,0.861,0.25,0.1351,0.2133,0.0274,0.1867
HierarchicalRAG,mistral:7b-instruct,0.847,0.8987,0.8721,0.1901,0.3734,0.3077,0.1039,0.1667
HierarchicalRAG,mistral:7b-instruct,0.9274,0.9189,0.9231,0.5533,0.4885,0.5926,0.3038,0.3457
FusionRetrieval,mistral:7b-instruct,0.8914,0.8803,0.8858,0.3986,0.324,0.3889,0.2,0.3056
FusionRetrieval,mistral:7b-instruct,0.8718,0.8806,0.8762,0.2308,0.2605,0.2835,0.064,0.2047
FusionRetrieval,mistral:7b-instruct,0.8373,0.8656,0.8512,0.2121,0.2045,0.2093,0.0476,0.093
FusionRetrieval,mistral:7b-instruct,0.8752,0.9029,0.8888,0.2929,0.4113,0.384,0.1463,0.304
FusionRetrieval,mistral:7b-instruct,0.9595,0.9182,0.9384,0.4273,0.4627,0.5714,0.3529,0.4571
FeedbackLoopRetrieval,mistral:7b-instruct,0,0,0,0,0,0,0,0
FeedbackLoopRetrieval,mistral:7b-instruct,0.8317,0.863,0.8471,0.1495,0.3287,0.2453,0.0667,0.1415
FeedbackLoopRetrieval,mistral:7b-instruct,0.8112,0.8545,0.8323,0.1494,0.2688,0.1538,0.026,0.1154
FeedbackLoopRetrieval,mistral:7b-instruct,0.8409,0.8849,0.8623,0.1437,0.345,0.2514,0.0925,0.1714
FeedbackLoopRetrieval,mistral:7b-instruct,0.8704,0.9117,0.8906,0.2871,0.4071,0.3817,0.1085,0.2595
ExplainableRetrieval,mistral:7b-instruct,0.8776,0.8889,0.8832,0.3864,0.484,0.4151,0.2308,0.3019
ExplainableRetrieval,mistral:7b-instruct,0.844,0.8855,0.8642,0.1838,0.2741,0.2597,0.1184,0.1948
ExplainableRetrieval,mistral:7b-instruct,0.8433,0.8704,0.8566,0.191,0.186,0.1835,0.0187,0.1101
ExplainableRetrieval,mistral:7b-instruct,0.842,0.9024,0.8711,0.1436,0.3399,0.26,0.101,0.17
ExplainableRetrieval,mistral:7b-instruct,0.8783,0.9141,0.8959,0.3204,0.4456,0.3759,0.1221,0.2256
SimpleRAG,gemma2:2b,0.9449,0.8505,0.8952,0.1127,0.2699,0.3774,0.2353,0.3774
SimpleRAG,gemma2:2b,0.965,0.8832,0.9223,0.0602,0.1969,0.3548,0.2333,0.2903
SimpleRAG,gemma2:2b,0.7669,0.7209,0.7432,0,0,0,0,0
SimpleRAG,gemma2:2b,0.9409,0.9128,0.9266,0.3972,0.3493,0.5075,0.2154,0.3284
SimpleRAG,gemma2:2b,0.9398,0.8788,0.9082,0.0896,0.1945,0.3273,0.0755,0.2545
AdaptiveRetrieval,gemma2:2b,0.932,0.8713,0.9006,0.2115,0.3165,0.386,0.2182,0.386
AdaptiveRetrieval,gemma2:2b,0.965,0.8832,0.9223,0.0602,0.1969,0.3548,0.2333,0.2903
AdaptiveRetrieval,gemma2:2b,0.9443,0.8861,0.9143,0.1807,0.2457,0.36,0.0833,0.32
AdaptiveRetrieval,gemma2:2b,0.9661,0.9112,0.9379,0.3441,0.4407,0.5574,0.2712,0.3934
AdaptiveRetrieval,gemma2:2b,0.9515,0.8893,0.9194,0.2035,0.3494,0.4667,0.2759,0.4
SemanticRAG,gemma2:2b,0.932,0.8713,0.9006,0.2115,0.3165,0.386,0.2182,0.386
SemanticRAG,gemma2:2b,0.965,0.8832,0.9223,0.0602,0.1969,0.3548,0.2333,0.2903
SemanticRAG,gemma2:2b,0.842,0.8483,0.8451,0.0896,0.1149,0.1795,0.0526,0.1538
SemanticRAG,gemma2:2b,0.9385,0.9159,0.9271,0.4296,0.3821,0.5217,0.2388,0.3478
SemanticRAG,gemma2:2b,0.9447,0.8849,0.9138,0.1544,0.2857,0.4138,0.1786,0.3448
SelfRAG,gemma2:2b,0.944,0.8361,0.8868,0.0929,0.2189,0.3774,0.2353,0.3774
SelfRAG,gemma2:2b,0.965,0.8832,0.9223,0.0602,0.1969,0.3548,0.2333,0.2903
SelfRAG,gemma2:2b,0.8391,0.863,0.8509,0.1235,0.234,0.3256,0.0476,0.2326
SelfRAG,gemma2:2b,0.9479,0.9014,0.9241,0.2897,0.3636,0.4407,0.2456,0.339
SelfRAG,gemma2:2b,0.9453,0.8849,0.9141,0.2035,0.3102,0.4667,0.1379,0.3
QueryTransformRetrieval,gemma2:2b,0.8514,0.8654,0.8583,0.1908,0.3088,0.2621,0.0839,0.1655
QueryTransformRetrieval,gemma2:2b,0.8479,0.9045,0.8753,0.2121,0.5043,0.3407,0.1444,0.2857
QueryTransformRetrieval,gemma2:2b,0.754,0.868,0.807,0.067,0.2935,0.1445,0.0581,0.1214
QueryTransformRetrieval,gemma2:2b,0.7638,0.886,0.8204,0.0841,0.3161,0.2018,0.0716,0.1365
QueryTransformRetrieval,gemma2:2b,0.7875,0.8899,0.8356,0.1133,0.4233,0.2089,0.0955,0.1392
HierarchicalRAG,gemma2:2b,0.932,0.8713,0.9006,0.2115,0.3165,0.386,0.2182,0.386
HierarchicalRAG,gemma2:2b,0.965,0.8832,0.9223,0.0602,0.1969,0.3548,0.2333,0.2903
HierarchicalRAG,gemma2:2b,0.844,0.8505,0.8473,0.1077,0.1379,0.2105,0.0541,0.1579
HierarchicalRAG,gemma2:2b,0.9222,0.8826,0.902,0.2007,0.3057,0.3103,0.1429,0.3103
HierarchicalRAG,gemma2:2b,0.9447,0.8849,0.9138,0.1544,0.2857,0.4138,0.1786,0.3448
FusionRetrieval,gemma2:2b,0.9137,0.8804,0.8968,0.3804,0.3934,0.5,0.2581,0.4375
FusionRetrieval,gemma2:2b,0.9494,0.8844,0.9157,0.0692,0.1849,0.3077,0.0635,0.2154
FusionRetrieval,gemma2:2b,0.8247,0.8483,0.8363,0.1048,0.1538,0.1849,0.0171,0.1345
FusionRetrieval,gemma2:2b,0.8711,0.903,0.8867,0.2676,0.3881,0.4719,0.1839,0.427
FusionRetrieval,gemma2:2b,0.9472,0.8831,0.914,0.1897,0.3127,0.4746,0.2456,0.3729
FeedbackLoopRetrieval,gemma2:2b,0.8809,0.8523,0.8663,0.1344,0.1573,0.1818,0.0755,0.1091
FeedbackLoopRetrieval,gemma2:2b,0.7892,0.8525,0.8196,0.087,0.1758,0.1418,0.0288,0.0851
FeedbackLoopRetrieval,gemma2:2b,0.8066,0.8604,0.8327,0.1419,0.2298,0.1905,0.0806,0.1111
FeedbackLoopRetrieval,gemma2:2b,0.7879,0.8457,0.8158,0.1351,0.2299,0.2243,0.0381,0.1121
FeedbackLoopRetrieval,gemma2:2b,0.8306,0.864,0.847,0.2931,0.2407,0.2892,0.0741,0.1928
ExplainableRetrieval,gemma2:2b,0.853,0.8578,0.8554,0.2187,0.348,0.4,0.2192,0.2667
ExplainableRetrieval,gemma2:2b,0.9603,0.9021,0.9303,0.3806,0.3983,0.5128,0.2632,0.359
ExplainableRetrieval,gemma2:2b,0.8092,0.8688,0.8379,0.1429,0.3506,0.2278,0.0769,0.1392
ExplainableRetrieval,gemma2:2b,0.8457,0.8894,0.867,0.1776,0.3586,0.3826,0.1062,0.2783
ExplainableRetrieval,gemma2:2b,0.8739,0.916,0.8944,0.3544,0.403,0.4948,0.2105,0.3505
SimpleRAG,qwen2.5:0.5b-instruct,0.8897,0.8919,0.8908,0.4,0.3954,0.3579,0.1505,0.3158
SimpleRAG,qwen2.5:0.5b-instruct,0.9715,0.94,0.9555,0.5721,0.6558,0.6667,0.4878,0.5476
SimpleRAG,qwen2.5:0.5b-instruct,0.9322,0.8977,0.9146,0.4343,0.3597,0.5484,0.3,0.4194
SimpleRAG,qwen2.5:0.5b-instruct,0.7646,0.8851,0.8204,0.0657,0.3041,0.1326,0.058,0.121
SimpleRAG,qwen2.5:0.5b-instruct,0.9141,0.9048,0.9094,0.3906,0.4571,0.4,0.1837,0.32
AdaptiveRetrieval,qwen2.5:0.5b-instruct,0.8914,0.8929,0.8922,0.411,0.4179,0.3656,0.1538,0.3226
AdaptiveRetrieval,qwen2.5:0.5b-instruct,0.9715,0.94,0.9555,0.5721,0.6558,0.6667,0.4878,0.5476
AdaptiveRetrieval,qwen2.5:0.5b-instruct,0.9028,0.8989,0.9008,0.3393,0.3222,0.3768,0.1791,0.3188
AdaptiveRetrieval,qwen2.5:0.5b-instruct,0.7676,0.8861,0.8226,0.0805,0.2887,0.1864,0.0866,0.1505
AdaptiveRetrieval,qwen2.5:0.5b-instruct,0.9164,0.9052,0.9108,0.4194,0.4868,0.4124,0.1895,0.3299
SemanticRAG,qwen2.5:0.5b-instruct,0.889,0.8916,0.8903,0.3947,0.3947,0.3542,0.1489,0.3125
SemanticRAG,qwen2.5:0.5b-instruct,0.9715,0.94,0.9555,0.5721,0.6558,0.6667,0.4878,0.5476
SemanticRAG,qwen2.5:0.5b-instruct,0.9411,0.8991,0.9196,0.2174,0.2739,0.4231,0.24,0.3846
SemanticRAG,qwen2.5:0.5b-instruct,0.8962,0.9154,0.9057,0.3623,0.3656,0.4356,0.1414,0.2772
SemanticRAG,qwen2.5:0.5b-instruct,0.9141,0.8881,0.9009,0.3262,0.327,0.3636,0.1067,0.2338
SelfRAG,qwen2.5:0.5b-instruct,0.8947,0.9057,0.9002,0.4507,0.4785,0.4615,0.2921,0.3956
SelfRAG,qwen2.5:0.5b-instruct,0.967,0.9408,0.9537,0.5806,0.6534,0.6512,0.4762,0.5349
SelfRAG,qwen2.5:0.5b-instruct,0.879,0.8832,0.8811,0.3284,0.2794,0.3404,0.0652,0.2128
SelfRAG,qwen2.5:0.5b-instruct,0.903,0.9189,0.9109,0.3377,0.3944,0.422,0.1308,0.2752
SelfRAG,qwen2.5:0.5b-instruct,0.9231,0.9229,0.923,0.5323,0.5321,0.5625,0.383,0.3958
QueryTransformRetrieval,qwen2.5:0.5b-instruct,0.8384,0.8876,0.8623,0.173,0.3604,0.1875,0.1158,0.1771
QueryTransformRetrieval,qwen2.5:0.5b-instruct,0.8958,0.872,0.8837,0.2639,0.2176,0.2619,0.0488,0.2381
QueryTransformRetrieval,qwen2.5:0.5b-instruct,0.8606,0.875,0.8677,0.2151,0.2543,0.3158,0.0714,0.1754
QueryTransformRetrieval,qwen2.5:0.5b-instruct,0.8731,0.8801,0.8766,0.2429,0.2617,0.2745,0.08,0.2157
QueryTransformRetrieval,qwen2.5:0.5b-instruct,0.9216,0.9089,0.9152,0.431,0.4389,0.4583,0.2766,0.25
HierarchicalRAG,qwen2.5:0.5b-instruct,0.8914,0.8929,0.8922,0.411,0.4179,0.3656,0.1538,0.3226
HierarchicalRAG,qwen2.5:0.5b-instruct,0.9715,0.94,0.9555,0.5721,0.6558,0.6667,0.4878,0.5476
HierarchicalRAG,qwen2.5:0.5b-instruct,0.9411,0.8991,0.9196,0.2174,0.2739,0.4231,0.24,0.3846
HierarchicalRAG,qwen2.5:0.5b-instruct,0.77,0.8874,0.8246,0.0875,0.3162,0.1905,0.0838,0.1369
HierarchicalRAG,qwen2.5:0.5b-instruct,0.9141,0.8881,0.9009,0.3262,0.327,0.3636,0.1067,0.2338
FusionRetrieval,qwen2.5:0.5b-instruct,0.9326,0.8602,0.895,0.2291,0.3487,0.5862,0.3214,0.4483
FusionRetrieval,qwen2.5:0.5b-instruct,0.8839,0.8817,0.8828,0.2821,0.2521,0.3,0.0508,0.1833
FusionRetrieval,qwen2.5:0.5b-instruct,0.8853,0.8595,0.8722,0.1779,0.2065,0.2388,0.0308,0.209
FusionRetrieval,qwen2.5:0.5b-instruct,0.872,0.9017,0.8866,0.2857,0.3313,0.3878,0.125,0.2857
FusionRetrieval,qwen2.5:0.5b-instruct,0.9043,0.8964,0.9004,0.3333,0.3594,0.3585,0.0962,0.2453
FeedbackLoopRetrieval,qwen2.5:0.5b-instruct,0.8455,0.8082,0.8264,0.1833,0.2004,0.2198,0.0899,0.1978
FeedbackLoopRetrieval,qwen2.5:0.5b-instruct,0.9,0.9388,0.919,0.4625,0.5967,0.521,0.3419,0.4202
FeedbackLoopRetrieval,qwen2.5:0.5b-instruct,0.8941,0.8566,0.8749,0.1732,0.1763,0.1852,0.0385,0.1481
FeedbackLoopRetrieval,qwen2.5:0.5b-instruct,0.8126,0.893,0.8509,0.132,0.3412,0.2581,0.1087,0.2151
FeedbackLoopRetrieval,qwen2.5:0.5b-instruct,0.8721,0.8852,0.8786,0.3137,0.3189,0.3059,0.1205,0.1882
ExplainableRetrieval,qwen2.5:0.5b-instruct,0.8099,0.8422,0.8258,0.1244,0.2866,0.1942,0.0882,0.1262
ExplainableRetrieval,qwen2.5:0.5b-instruct,0.8735,0.8651,0.8693,0.1882,0.1796,0.1983,0.0336,0.1322
ExplainableRetrieval,qwen2.5:0.5b-instruct,0.7629,0.8549,0.8063,0.0752,0.2112,0.1321,0.0316,0.0943
ExplainableRetrieval,qwen2.5:0.5b-instruct,0.7666,0.8825,0.8205,0.0787,0.3281,0.1623,0.0654,0.1364
ExplainableRetrieval,qwen2.5:0.5b-instruct,0.8755,0.8983,0.8867,0.2315,0.3009,0.2714,0.1159,0.2